Name,S2_CLAMP,Kc_CLAMP
Heterogeneous_nuclear_ribonucleoprotein_27C,17.2209026128,0.0
Heterogeneous_nuclear_ribonucleoprotein_at_27C_isoform_D,17.2209026128,0.0
CG1832_isoform_A,10.2495543672,8.91265597148
CG1832_isoform_B,10.1590106007,8.83392226148
Isoform_A_of_ADPATP_carrier_protein,10.0334448161,24.2474916388
ADPATP_carrier_protein,9.61538461538,23.2371794872
Heat_shock_70_kDa_protein_cognate_3,5.33536585366,0.762195121951
Histone_H4,4.85436893204,0.0
Elongation_factor_1-alpha,4.329004329,6.49350649351
Elongation_factor_1-alpha_2,4.329004329,6.49350649351
Elongation_factor_1-alpha_1,4.31965442765,6.47948164147
CG17255_isoform_A,4.22260718926,3.57297531399
Eukaryotic_translation_initiation_factor_4G_isoform_A,2.10084033613,0.0
Histone_H2B,2.0325203252,4.06504065041
Histone_H2A,2.01612903226,2.01612903226
Histone_H2A,2.01612903226,2.01612903226
GH17761p,1.87265917603,0.468164794007
Eukaryotic_translation_initiation_factor_4G_isoform_B,1.82386659719,0.0
FI01658p,1.80505415162,0.0
Histone_H2A.v,1.77304964539,1.77304964539
Isoform_A_of_Ataxin-2_homolog,1.68918918919,0.0
CG7239,1.6339869281,0.0
Pif1A_isoform_D,1.5873015873,0.0
Polyadenylate-binding_protein,1.57728706625,2.36593059937
Heat_shock_70_kDa_protein_cognate_4,1.53609831029,1.15207373272
Isoform_C_of_Ataxin-2_homolog,1.46627565982,0.0
Ataxin-2_homolog,1.38376383764,0.0
Gp210,1.33262260128,0.0
Polyubiquitin,1.31061598952,0.327653997379
Ubiquitin-63E_isoform_C,1.31061598952,0.327653997379
CG17233_isoform_D,1.29533678756,0.0
Protein_argonaute-2,1.23558484349,0.0
Isoform_C_of_Protein_argonaute-2,1.2325390304,0.0
CG4857_isoform_E,1.19976004799,0.0
CG4857_isoform_F,1.19976004799,0.0
Negative_elongation_factor_A,1.19904076739,2.39808153477
Charged_multivesicular_body_protein_5,1.10619469027,0.0
CG4857_isoform_B,1.04657247514,0.0
CG4857_isoform_D,1.04657247514,0.0
CG17838_isoform_F,0.945179584121,0.945179584121
CG17838_isoform_H,0.936329588015,0.936329588015
CG17838_isoform_A,0.88809946714,0.88809946714
Voltage-dependent_anion-selective_channel,0.886524822695,5.31914893617
CG17838_isoform_E,0.875656742557,0.875656742557
CG17233_isoform_A,0.852514919011,0.0
AAA_family_protein_Bor,0.827814569536,2.06953642384
Pif1A_isoform_C,0.815660685155,0.0
Protein_associated_with_topo_II_related-1,0.77479338843,0.0
Isoform_B_of_Protein_lingerer,0.750750750751,0.375375375375
Lingerer_isoform_E,0.750750750751,0.375375375375
Isoform_A_of_Protein_lingerer,0.744601638124,0.372300819062
Protein_lingerer,0.727272727273,0.363636363636
CG17838_isoform_D,0.707213578501,0.707213578501
CG17838_isoform_B,0.70323488045,0.70323488045
CG17233_isoform_C,0.682593856655,0.0
Calreticulin,0.615763546798,1.84729064039
Probable_histone-binding_protein_Caf1,0.581395348837,0.0
Uridine_kinase,0.445632798574,0.445632798574
Tax_Id=9606_Gene_Symbol=FLG2 Filaggrin-2,0.418235048097,0.209117524049
Isoform_2_of_Box_A-binding_factor,0.400320256205,0.0
Uridine_kinase,0.399361022364,0.399361022364
Box_A-binding_factor,0.395569620253,0.0
Homeodomain_interacting_protein_kinase_isoform_A,0.373134328358,0.0
CG42389_isoform_G,0.353857041755,0.0
Tax_Id=9606_Gene_Symbol=HRNR Hornerin,0.350877192982,0.0
CG42389_isoform_F,0.283768444949,0.0
Isoform_E_of_Maternal_protein_pumilio,0.267379679144,0.0
CG42389_isoform_E,0.242248062016,0.0
Isoform_B_of_Maternal_protein_pumilio,0.210970464135,0.0
Protein_clueless,0.172651933702,0.863259668508
Maternal_protein_pumilio,0.163078930202,0.0
Myopic,0.136388434261,0.0
60_kDa_heat_shock_protein_homolog_2_mitochondrial,0.0,0.868055555556
60_kDa_heat_shock_protein_mitochondrial,0.0,1.30890052356
AT21416p,0.0,0.462962962963
ATP_synthase-beta_isoform_C,0.0,3.42465753425
ATP_synthase_subunit_beta_mitochondrial,0.0,3.46534653465
Adenosylhomocysteinase,0.0,0.479846449136
Adenylyl_cyclase-associated_protein,0.0,0.638569604087
Adenylyl_cyclase-associated_protein,0.0,1.17924528302
Aldehyde_dehydrogenase,0.0,0.480769230769
Apontic,0.0,1.55279503106
Apontic_isoform_B,0.0,1.53374233129
Apontic_isoform_E,0.0,1.59914712154
BcDNA.GH12558,0.0,1.59642401022
Beta_NAC_homolog,0.0,7.39644970414
CG10576_isoform_A,0.0,2.55754475703
CG17597,0.0,1.2285012285
CG2076,0.0,1.46627565982
CG2918_isoform_A,0.0,0.270855904659
CG4389_isoform_B,0.0,1.68010752688
CG4699_isoform_D,0.0,0.322580645161
CG4699_isoform_E,0.0,0.322788896062
CG4699_isoform_F,0.0,0.322997416021
CG4699_isoform_J,0.0,0.534188034188
CG5044_isoform_A,0.0,1.94805194805
CG5044_isoform_B,0.0,1.94300518135
CG5174_isoform_A,0.0,2.40384615385
CG5174_isoform_B,0.0,1.40845070423
CG5174_isoform_G,0.0,3.01204819277
CG5174_isoform_H,0.0,2.65957446809
CG5174_isoform_J,0.0,2.68817204301
CG5174_isoform_L,0.0,2.39234449761
CG5174_isoform_M,0.0,2.47524752475
CG5776,0.0,0.625782227785
CG7033_isoform_A,0.0,0.467289719626
CG7033_isoform_C,0.0,0.46904315197
CG7145_isoform_A,0.0,1.74216027875
CG8036_isoform_B,0.0,0.399361022364
CG8036_isoform_D,0.0,0.431034482759
CaBP1,0.0,1.73210161663
Calponin-like_protein_Chd64,0.0,2.65957446809
DNA-binding_protein_modulo,0.0,0.922509225092
DSec61alpha,0.0,0.525210084034
Dihydrolipoyl_dehydrogenase,0.0,1.98412698413
Dipeptidyl_peptidase_3,0.0,0.636132315522
EH_domain_containing_protein,0.0,0.468164794007
ERp60_(Fragment),0.0,0.511247443763
Eukaryotic_initiation_factor_4A,0.0,0.620347394541
FI20117p1,0.0,1.25313283208
Failed_axon_connections,0.0,1.1961722488
Failed_axon_connections_isoform_B,0.0,1.77304964539
Failed_axon_connections_isoform_C,0.0,1.20481927711
Failed_axon_connections_isoform_D,0.0,1.79211469534
GH11591p,0.0,1.2987012987
GH25379p,0.0,3.09917355372
GTP-binding_nuclear_protein_Ran,0.0,4.62962962963
Heat_shock_70_kDa_protein_cognate_1,0.0,0.390015600624
Heat_shock_70_kDa_protein_cognate_5,0.0,0.728862973761
Heterogeneous_nuclear_ribonucleoprotein_A1,0.0,2.05479452055
Heterogeneous_nuclear_ribonucleoprotein_at_98DE_isoform_C,0.0,2.05479452055
Heterogeneous_nuclear_ribonucleoprotein_at_98DE_isoform_F,0.0,2.07756232687
Histone_H3,0.0,3.67647058824
Histone_H3,0.0,3.67647058824
Histone_H3.3,0.0,3.67647058824
Isoform_1_of_Myosin_heavy_chain_non-muscle,0.0,0.123946455131
Isoform_2_of_Dipeptidyl_peptidase_3,0.0,0.691562932227
Isoform_2_of_Myosin_heavy_chain_non-muscle,0.0,0.12677484787
Isoform_4_of_Myosin_heavy_chain_non-muscle,0.0,0.124254473161
Isoform_A_of_Heterogeneous_nuclear_ribonucleoprotein_A1,0.0,2.06043956044
Isoform_A_of_RNA-binding_protein_squid,0.0,5.45171339564
Isoform_A_of_Transcription_factor_kayak_isoforms_A/B/F,0.0,0.420168067227
Isoform_B_of_Probable_citrate_synthase_mitochondrial,0.0,0.95785440613
Isoform_B_of_Pyruvate_kinase,0.0,0.9765625
Isoform_B_of_Transcription_factor_kayak_isoforms_A/B/F,0.0,0.457875457875
Isoform_C_of_RNA-binding_protein_squid,0.0,2.43506493506
Isoform_D_of_Heterogeneous_nuclear_ribonucleoprotein_A1,0.0,2.07756232687
Isoform_E_of_Heterogeneous_nuclear_ribonucleoprotein_A1,0.0,2.08333333333
L-lactate_dehydrogenase,0.0,0.753012048193
LD10783p,0.0,0.919117647059
LD46344p,0.0,1.67224080268
Lethal_(2)_03709_isoform_D,0.0,1.6501650165
Lethal_(2)_03709_isoform_E,0.0,1.47928994083
Lethal_(2)_37Cc_isoform_C,0.0,4.86381322957
Myosin_heavy_chain_non-muscle,0.0,0.123946455131
Nuclear_migration_protein_NudC,0.0,0.753012048193
P53_protein_long_form_variant_1,0.0,1.0101010101
Peptidyl-prolyl_cis-trans_isomerase,0.0,1.1013215859
Probable_citrate_synthase_mitochondrial,0.0,1.0775862069
Probable_dolichol-phosphate_mannosyltransferase,0.0,2.07468879668
Proteasome_subunit_beta_type-1,0.0,2.12765957447
Protein_disulfide-isomerase,0.0,2.01612903226
Protein_l(2)37Cc,0.0,4.52898550725
Pyruvate_kinase,0.0,0.93808630394
Quaking_related_54B_isoform_A,0.0,2.33644859813
Quaking_related_54B_isoform_C,0.0,1.16822429907
RE08669p,0.0,1.90839694656
RNA-binding_protein_squid,0.0,2.18023255814
Ran_isoform_B,0.0,4.62962962963
Ribonucleoside-diphosphate_reductase_large_subunit,0.0,0.307881773399
Short_stop_isoform_H,0.0,0.0567859170926
Short_stop_isoform_I,0.0,0.093023255814
Short_stop_isoform_J,0.0,0.0931445603577
Short_stop_isoform_K,0.0,0.0931098696462
Short_stop_isoform_L,0.0,0.0911410864017
Short_stop_isoform_M,0.0,0.0912575287461
Short_stop_isoform_N,0.0,0.0927988121752
Short_stop_isoform_O,0.0,0.0909256228405
Short_stop_isoform_P,0.0,0.0916086478564
Short_stop_isoform_Q,0.0,0.0969932104753
Single-stranded_DNA-binding_protein_mitochondrial,0.0,5.13698630137
Succinyl-CoA_ligase_[ADP/GDP-forming]_subunit_alpha_mitochondrial,0.0,1.5243902439
Transcription_factor_kayak_isoforms_A/B/F,0.0,0.331125827815
Transcription_factor_kayak_isoforms_D/sro,0.0,0.346260387812
Zipper_isoform_C,0.0,0.126839167935
Zipper_isoform_D,0.0,0.124007936508
